{
  "model": "Llama-3.2-1B-int2",
  "model_path": "/Users/wscholl/models/Llama-3.2-1B-Instruct-int2",
  "model_size_gb": 0.32,
  "timestamp": "20260327T023938",
  "limit": 500,
  "platform": {
    "platform": "macOS-15.7.4-arm64-arm-64bit",
    "processor": "arm",
    "ram_gb": 16,
    "python": "3.12.8",
    "mlx_lm": "0.30.7",
    "lm_eval": "0.4.11"
  },
  "scores": {
    "arc_easy": 27.2,
    "arc_challenge": 25.2,
    "hellaswag": 29.6,
    "winogrande": 48.8,
    "piqa": 54.2,
    "openbookqa": 29.8
  },
  "raw_results": {
    "arc_easy": {
      "alias": "arc_easy",
      "acc,none": 0.234,
      "acc_stderr,none": 0.018952741564893755,
      "acc_norm,none": 0.272,
      "acc_norm_stderr,none": 0.019920483209566107
    },
    "arc_challenge": {
      "alias": "arc_challenge",
      "acc,none": 0.236,
      "acc_stderr,none": 0.01900869962208476,
      "acc_norm,none": 0.252,
      "acc_norm_stderr,none": 0.019435727282249564
    },
    "hellaswag": {
      "alias": "hellaswag",
      "acc,none": 0.262,
      "acc_stderr,none": 0.019684688820194637,
      "acc_norm,none": 0.296,
      "acc_norm_stderr,none": 0.020435342091896222
    },
    "winogrande": {
      "alias": "winogrande",
      "acc,none": 0.488,
      "acc_stderr,none": 0.022376626797927058
    },
    "piqa": {
      "alias": "piqa",
      "acc,none": 0.552,
      "acc_stderr,none": 0.022261697292270084,
      "acc_norm,none": 0.542,
      "acc_norm_stderr,none": 0.022303966774269896
    },
    "openbookqa": {
      "alias": "openbookqa",
      "acc,none": 0.162,
      "acc_stderr,none": 0.016494123566423557,
      "acc_norm,none": 0.298,
      "acc_norm_stderr,none": 0.020475118092988954
    }
  },
  "elapsed_s": 2388.946128129959,
  "errors": {}
}