{
  "model": "Qwen3-8B-int3",
  "model_path": "/Users/wscholl/models/Qwen3-8B-int3",
  "model_size_gb": 3.2,
  "timestamp": "20260401T054532",
  "limit": 500,
  "platform": {
    "platform": "macOS-26.4-arm64-arm-64bit",
    "processor": "arm",
    "ram_gb": 16,
    "python": "3.12.8",
    "mlx_lm": "0.30.7",
    "lm_eval": "0.4.11"
  },
  "scores": {
    "arc_easy": 71.4,
    "arc_challenge": 52.0,
    "hellaswag": 45.2,
    "winogrande": 59.8,
    "piqa": 73.4,
    "openbookqa": 36.4
  },
  "raw_results": {
    "arc_easy": {
      "alias": "arc_easy",
      "acc,none": 0.754,
      "acc_stderr,none": 0.019279819056352458,
      "acc_norm,none": 0.714,
      "acc_norm_stderr,none": 0.020229346329177608
    },
    "arc_challenge": {
      "alias": "arc_challenge",
      "acc,none": 0.516,
      "acc_stderr,none": 0.022371610982580396,
      "acc_norm,none": 0.52,
      "acc_norm_stderr,none": 0.022365160424231326
    },
    "hellaswag": {
      "alias": "hellaswag",
      "acc,none": 0.472,
      "acc_stderr,none": 0.022347949832668024,
      "acc_norm,none": 0.452,
      "acc_norm_stderr,none": 0.022279694107843542
    },
    "winogrande": {
      "alias": "winogrande",
      "acc,none": 0.598,
      "acc_stderr,none": 0.021948929609938706
    },
    "piqa": {
      "alias": "piqa",
      "acc,none": 0.744,
      "acc_stderr,none": 0.019536923574747664,
      "acc_norm,none": 0.734,
      "acc_norm_stderr,none": 0.019780559675655396
    },
    "openbookqa": {
      "alias": "openbookqa",
      "acc,none": 0.24,
      "acc_stderr,none": 0.0191188666537598,
      "acc_norm,none": 0.364,
      "acc_norm_stderr,none": 0.021539170637317653
    }
  },
  "elapsed_s": 13739.81703710556,
  "errors": {}
}