{
  "model": "Qwen3-0.6B-int2",
  "model_path": "/Users/wscholl/models/Qwen3-0.6B-int2",
  "model_size_gb": 0.2,
  "timestamp": "20260402T031315",
  "limit": 500,
  "platform": {
    "platform": "macOS-26.4-arm64-arm-64bit",
    "processor": "arm",
    "ram_gb": 16,
    "python": "3.12.8",
    "mlx_lm": "0.30.7",
    "lm_eval": "0.4.11"
  },
  "scores": {
    "arc_easy": 29.6,
    "arc_challenge": 26.6,
    "hellaswag": 26.2,
    "winogrande": 50.8,
    "piqa": 51.2,
    "openbookqa": 29.6
  },
  "raw_results": {
    "arc_easy": {
      "alias": "arc_easy",
      "acc,none": 0.232,
      "acc_stderr,none": 0.01889619359195203,
      "acc_norm,none": 0.296,
      "acc_norm_stderr,none": 0.020435342091896222
    },
    "arc_challenge": {
      "alias": "arc_challenge",
      "acc,none": 0.23,
      "acc_stderr,none": 0.018839050391123182,
      "acc_norm,none": 0.266,
      "acc_norm_stderr,none": 0.019780559675655396
    },
    "hellaswag": {
      "alias": "hellaswag",
      "acc,none": 0.274,
      "acc_stderr,none": 0.019966103540279518,
      "acc_norm,none": 0.262,
      "acc_norm_stderr,none": 0.019684688820194637
    },
    "winogrande": {
      "alias": "winogrande",
      "acc,none": 0.508,
      "acc_stderr,none": 0.022380208834928014
    },
    "piqa": {
      "alias": "piqa",
      "acc,none": 0.518,
      "acc_stderr,none": 0.022368565117387874,
      "acc_norm,none": 0.512,
      "acc_norm_stderr,none": 0.022376626797927058
    },
    "openbookqa": {
      "alias": "openbookqa",
      "acc,none": 0.174,
      "acc_stderr,none": 0.01697127125751611,
      "acc_norm,none": 0.296,
      "acc_norm_stderr,none": 0.020435342091896222
    }
  },
  "elapsed_s": 1431.6593487262726,
  "errors": {}
}